name,level,section,type,link,pages,,,
ما لم يخبرني به أبي عن الحياة,1,تنمية,1,https://www.osboha180.com/evaluation/books/2.pdf,226,,,
ادرس بذكاء وليس بجهد,1,تنمية,1,https://www.osboha180.com/evaluation/books/3.pdf,231,,,
الاسلام بين الشرق والغرب,2,فكري,1,https://www.osboha180.com/evaluation/books/31.pdf,414,,,
أيقظ قدراتك,1,تنمية,1,https://www.osboha180.com/evaluation/books/32.pdf,148,,,
طبائع الاسبتداد ومصارع الاستعباد,2,تربية,1,https://www.osboha180.com/evaluation/books/33.pdf,193,,,
الزنزانة,1,اجتماعي,1,https://www.osboha180.com/evaluation/books/34.pdf,433,,,
هكذا ظهر جيل صلاح الدين,3,تاريخي,1,https://www.osboha180.com/evaluation/books/35.pdf,421,,,
هكذا ربانا جدي - علي الطنطاوي,2,تربية,1,https://www.osboha180.com/evaluation/books/39.pdf,131,,,
أنا وأخواتها,1,أدبي,1,https://www.osboha180.com/evaluation/books/310.pdf,370,,,
قصة الاندلس من الفتح الى السقوط,2,تاريخي,1,https://www.osboha180.com/evaluation/books/311.pdf,800,,,
مميز بالأصفر,1,تنمية,1,https://www.osboha180.com/evaluation/books/312.pdf,233,,,
الدولة الحديثة المسلمة,2,سياسي,1,https://www.osboha180.com/evaluation/books/315.pdf,458,,,
الشورى فريضة إسلامية,2,سياسي,1,https://www.osboha180.com/evaluation/books/316.pdf,169,,,
البرلمان في الدولة الحديثة,2,سياسي,1,https://www.osboha180.com/evaluation/books/317.pdf,275,,,
التداول على السلطة التنفيذية,2,سياسي,1,https://www.osboha180.com/evaluation/books/318.pdf,236,,,
العدالة والمصالحة الوطنية,2,سياسي,1,https://www.osboha180.com/evaluation/books/319.pdf,221,,,
كيف نختلف,2,اجتماعي,1,https://www.osboha180.com/evaluation/books/320.pdf,226,,,
السماء في القران الكريم,2,علمي,1,https://www.osboha180.com/evaluation/books/321.pdf,610,,,
الأرض في القران الكريم,2,علمي,1,https://www.osboha180.com/evaluation/books/322.pdf,640,,,
الحيوان في القران الكريم,2,علمي,1,https://www.osboha180.com/evaluation/books/323.pdf,509,,,
عبقرية محمد صلى الله عليه وسلم,1,ديني,1,https://www.osboha180.com/evaluation/books/324.pdf,161,,,
عصر العلم,3,فكري,1,https://www.osboha180.com/evaluation/books/325.pdf,280,,,
من روائع حضارتنا,2,تاريخي,1,https://www.osboha180.com/evaluation/books/326.pdf,289,,,
الرحيق المختوم,2,ديني,1,https://www.osboha180.com/evaluation/books/327.pdf,512,,,
الأيام,2,أدبي,1,https://www.osboha180.com/evaluation/books/328.pdf,523,,,
بأي قلب نلقاه,1,ديني,1,https://www.osboha180.com/evaluation/books/329.pdf,243,,,
وحي القلم - الجزء الأول,3,أدبي,1,https://www.osboha180.com/evaluation/books/330.pdf,344,,,
وحي القلم - الجزء الثاني,3,أدبي,1,https://www.osboha180.com/evaluation/books/331.pdf,350,,,
وحي القلم - الجزء الثالث,3,أدبي,1,https://www.osboha180.com/evaluation/books/332.pdf,392,,,
رحلة عقل,3,علمي,1,https://www.osboha180.com/evaluation/books/333.pdf,290,,,
كتاب المراهق,1,تربية,1,https://www.osboha180.com/evaluation/books/334.pdf,161,,,
The Rules Of Work,2,انجليزي,1,https://www.osboha180.com/evaluation/books/336.pdf,241,,,
قواعد العمل - النسخة العربية,2,تنمية,1,https://www.osboha180.com/evaluation/books/337.pdf,252,,,
ماذا أقرأ,2,تنمية,1,https://www.osboha180.com/evaluation/books/341.pdf,206,,,
كيف تكونان أما وأبا أفضل؟,1,تربية,1,https://www.osboha180.com/evaluation/books/342.pdf,342,,,
لا تحزن - النسخة العربية,1,اجتماعي,1,https://www.osboha180.com/evaluation/books/343.pdf,584,,,
حجج فاسدة تجعلنا نبدو أغبياء,1,تنمية,1,https://www.osboha180.com/evaluation/books/345.pdf,339,,,
الأذكياء,1,أدبي,1,https://www.osboha180.com/evaluation/books/346.pdf,318,,,
The 7habits of highly effective people,2,انجليزي,1,https://www.osboha180.com/evaluation/books/347.pdf,219,,,
الذين لم يولدوا بعد,1,ديني,1,https://www.osboha180.com/evaluation/books/348.pdf,79,,,
أربعون خطأ في نظرية التطور,2,فكري,1,https://www.osboha180.com/evaluation/books/349.pdf,135,,,
عندما تغير العالم,1,تاريخي,1,https://www.osboha180.com/evaluation/books/350.pdf,381,,,
تهذيب سير أعلام النبلاء,2,ديني,1,https://www.osboha180.com/evaluation/books/54b.pdf,1798,,,
تاريخ فلسطين المصور,1,تاريخي,1,https://www.osboha180.com/evaluation/books/55b.pdf,417,,,
مقدمة ابن خلدون,3,اجتماعي,1,https://www.osboha180.com/evaluation/books/56b.pdf,851,,,
النبأ العظيم,2,ديني,1,https://www.osboha180.com/evaluation/books/57b.pdf,216,,,
ميليشيا الالحاد,3,فكري,1,https://www.osboha180.com/evaluation/books/58b.pdf,241,,,
المؤمن الصادق,3,اجتماعي,1,https://www.osboha180.com/evaluation/books/60b.pdf,246,,,
True Believer,2,انجليزي,1,https://www.osboha180.com/evaluation/books/61b.pdf,227,,,
النظرات والعبرات,2,أدبي,1,https://www.osboha180.com/evaluation/books/62b.pdf,782,,,
عشرة أمور تمنيت لو عرفتها قبل دخولي الجامعة,1,تنمية,1,https://www.osboha180.com/evaluation/books/63b.pdf,169,,,
سيرة أمنا عائشة بنت أبي بكر,2,سير الصحابة,1,https://www.osboha180.com/evaluation/books/64b.pdf,208,,,
فنجان من التخطيط,2,تنمية,1,https://www.osboha180.com/evaluation/books/65b.pdf,322,,,
أغنى رجل في بابل,1,إقتصادي,1,https://www.osboha180.com/evaluation/books/66b.pdf,160,,,
I Can See Clearly Now,1,انجليزي,1,https://www.osboha180.com/evaluation/books/736b.pdf,553,,,
DON'T BE SAD,1,انجليزي,1,https://www.osboha180.com/evaluation/books/68b.pdf,476,,,
العادات السبعة للناس الأكثر فاعلية,2,تنمية,1,https://www.osboha180.com/evaluation/books/69b.pdf,423,,,
كيف تصبح جيداً في أي شيء في ساعتين,1,تنمية,1,https://www.osboha180.com/evaluation/books/72b.pdf,269,,,
حديث الصباح,1,أدبي,1,https://www.osboha180.com/evaluation/books/73b.pdf,350,,,
لأنك الله,1,ديني,1,https://www.osboha180.com/evaluation/books/74b.pdf,192,,,
خطوتك الأولى نحو فهم الاقتصاد,2,إقتصادي,1,https://www.osboha180.com/evaluation/books/75b.pdf,107,,,
التفكير السياسي والنطرية السياسية والمجتمع المدني,3,سياسي,1,https://www.osboha180.com/evaluation/books/92b.pdf,498,,,
فن الحرب,1,عسكري,1,https://www.osboha180.com/evaluation/books/93b.pdf,228,,,
كوتلر يتحدث عن التسويق,2,إقتصادي,1,https://www.osboha180.com/evaluation/books/94b.pdf,267,,,
القراءة السريعة,1,تنمية,1,https://www.osboha180.com/evaluation/books/95b.pdf,348,,,
أستطيع أن أرى بوضوح الآن,2,تنمية,1,https://www.osboha180.com/evaluation/books/99b.pdf,427,,,
ماذا خسر العالم بانحطاط المسلمين,3,فكري,1,https://www.osboha180.com/evaluation/books/Ali-Nadawi.pdf,264,,,
ابدأ بالأهم ولو كان صعباً,1,تنمية,1,https://www.osboha180.com/evaluation/books/100b.pdf,132,,,
ملهمون,1,تنمية,1,https://www.osboha180.com/evaluation/books/101b.pdf,254,,,
حديث المساء,1,أدبي,1,https://www.osboha180.com/evaluation/books/102b.pdf,284,,,
أول مرة أصلي وكان للصلاة طعم آخر,1,ديني,1,https://www.osboha180.com/evaluation/books/103b.pdf,110,,,
اني رزقت حبها,1,ديني,1,https://www.osboha180.com/evaluation/books/111b.pdf,84,,,
تأسيس عقلية الطفل,2,تربية,1,https://www.osboha180.com/evaluation/books/115b.pdf,170,,,
تحت راية القرآن,2,أدبي,1,https://www.osboha180.com/evaluation/books/116b.pdf,414,,,
من الصحوة إلى اليقظة استراتيجية الإدراك للحراك,3,فكري,1,https://www.osboha180.com/evaluation/books/117b.pdf,291,,,
القواعد الإستراتيجية في الصراع والتدافع الحضاري,3,فكري,1,https://www.osboha180.com/evaluation/books/118b.pdf,251,,,
فلسفة التاريخ الفكر الاستراتيجي في فهم التاريخ - جاسم محمد سلطان,3,فكري,1,https://www.osboha180.com/evaluation/books/119b.pdf,179,,,
الذاكرة التاريخية نحو وعى استراتيجى بالتاريخ,3,فكري,1,https://www.osboha180.com/evaluation/books/120b.pdf,183,,,
التفكير الاستراتيجي والخروج من المأزق الراهن,3,فكري,1,https://www.osboha180.com/evaluation/books/121b.pdf,339,,,
قواعد في الممارسة السياسية,2,سياسي,1,https://www.osboha180.com/evaluation/books/122b.pdf,171,,,
جيوبوليتيك - الجغرافيا والحلم العربي القادم,3,فكري,1,https://www.osboha180.com/evaluation/books/123b.pdf,210,,,
لحظة الإقلاع وتساؤلات المرحلة,3,فكري,1,https://www.osboha180.com/evaluation/books/124b.pdf,94,,,
27 خرافة شعبية عن القراءة,2,أدبي,1,https://www.osboha180.com/evaluation/books/128b.pdf,138,,,
العرب وجهة نظر يابانية,1,اجتماعي,1,https://www.osboha180.com/evaluation/books/129b.pdf,144,,,
مذكرات السلطان عبد الحميد,2,تاريخي,1,https://www.osboha180.com/evaluation/books/130b.pdf,318,,,
ابق قوياً,2,تنمية,1,https://www.osboha180.com/evaluation/books/131b.pdf,370,,,
تهذيب مدارج السالكين,3,ديني,1,https://www.osboha180.com/evaluation/books/133b.pdf,1168,,,
تعريف عام بدين الإسلام,1,ديني,1,https://www.osboha180.com/evaluation/books/134b.pdf,202,,,
كيف تفقد الشعوب المناعة ضد الاستبداد,3,تربية,1,https://www.osboha180.com/evaluation/books/135b.pdf,306,,,
مع النبي صلى الله عليه وسلم,1,أدبي,1,https://www.osboha180.com/evaluation/books/138b.pdf,122,,,
الداء والدواء (الجواب الكافي لمن سأل عن الدواء الشافي),2,ديني,1,https://www.osboha180.com/evaluation/books/139b.pdf,678,,,
إعجاز القرآن والبلاغة النبوية,2,ديني,1,https://www.osboha180.com/evaluation/books/140b.pdf,350,,,
تكوين المفكر,2,فكري,1,https://www.osboha180.com/evaluation/books/141b.pdf,255,,,
تجديد الفكر الديني في الإسلام,3,فكري,1,https://www.osboha180.com/evaluation/books/142b.pdf,388,,,
طبائع النساء وماجاء فيها من عجائب وغرائب وأخبار وأسرار,3,أدبي,1,https://www.osboha180.com/evaluation/books/143b.pdf,256,,,
المساكين,2,أدبي,1,https://www.osboha180.com/evaluation/books/144b.pdf,181,,,
100 عالم غيروا وجه العالم,1,علمي,1,https://www.osboha180.com/evaluation/books/538b.pdf,211,,,
الذاكرة (مقدمة قصيرة جداً),2,علمي,1,https://www.osboha180.com/evaluation/books/610b.pdf,133,,,
عصرنا و العيش في زمانه الصعب,2,اجتماعي,1,https://www.osboha180.com/evaluation/books/147b.pdf,382,,,
سحر الكلمة,1,اجتماعي,1,https://www.osboha180.com/evaluation/books/148b.pdf,102,,,
تاريخ الشام فى مطلع العهد العثماني,1,تاريخي,1,https://www.osboha180.com/evaluation/books/149b.pdf,434,,,
الدولة العثمانية (عوامل النهوض وأسباب السقوط),1,تاريخي,1,https://www.osboha180.com/evaluation/books/150b.pdf,584,,,
المناعة الفكرية,0,,2,http://www.osboha180.com/evaluation/users/numdownload/164/164b.pdf,131,,,
فيلسوف الاقتصاد: الاقتصاد والحياة اليومية,1,إقتصادي,1,https://www.osboha180.com/evaluation/books/172b.pdf,336,,,
التنمية الاقتصادية في اليابان,2,إقتصادي,1,https://www.osboha180.com/evaluation/books/173b.pdf,298,,,
أزمة العرب ومستقبلهم,1,سياسي,1,https://www.osboha180.com/evaluation/books/174b.pdf,68,,,
صدام الحضارات,3,سياسي,1,https://www.osboha180.com/evaluation/books/517b.pdf,554,,,
مع النبي ﷺ في رمضان,2,ديني,4,https://www.osboha180.com/evaluation/books/178b.pdf,122,,,
دروس رمضان وقفات للصائمين,1,ديني,4,https://www.osboha180.com/evaluation/books/179b.pdf,105,,,
تيسير الكريم الرحمن في تفسير كلام المنان,0,,,,1150,مكرر 158 ,,
الفقه الميسر في ضوء الكتاب والسنة,1,ديني,4,https://www.osboha180.com/evaluation/books/194b.pdf,452,,,
فقه السيرة,3,ديني,4,https://www.osboha180.com/evaluation/books/735b.pdf,368,,,
تيسير الكريم الرحمن في تفسير كلام المنان,3,ديني,4,https://www.osboha180.com/evaluation/books/197b.pdf,1150,,,
صفحات من تاريخ جمهورية البوسنة والهرسك,0,,2,http://www.osboha180.com/evaluation/books/198b.pdf,144,,,
من فقه الدولة في الاسلام,3,ديني,1,https://www.osboha180.com/evaluation/books/200b.pdf,205,,,
الجناية على البخاري,3,ديني,1,https://www.osboha180.com/evaluation/books/201b.pdf,506,,,
العلم والحياة,2,علمي,1,https://www.osboha180.com/evaluation/books/203b.pdf,134,,,
من عجائب الخلق فى جسم الإنسان,1,علمي,1,https://www.osboha180.com/evaluation/books/204b.pdf,194,,,
الشيخ الجليل عمر المختار نشأته أعماله واستشهاده,1,تاريخي,1,https://www.osboha180.com/evaluation/books/205b.pdf,120,,,
قصة التتار ( من البداية الى عين جالوت),2,تاريخي,1,https://www.osboha180.com/evaluation/books/206b.pdf,424,,,
فقه الديمقراطية,1,سياسي,1,https://www.osboha180.com/evaluation/books/207b.pdf,130,,,
في الدبلوماسية المعاصرة,2,سياسي,1,https://www.osboha180.com/evaluation/books/208b.pdf,292,,,
شروط النهضة,3,فكري,1,https://www.osboha180.com/evaluation/books/209b.pdf,324,,,
هروبي إلى الحرية,3,فكري,1,https://www.osboha180.com/evaluation/books/210b.pdf,470,,,
عيش اللحظة,1,تنمية,1,https://www.osboha180.com/evaluation/books/211b.pdf,439,,,
وصايا,1,تنمية,1,https://www.osboha180.com/evaluation/books/212b.pdf,126,,,
مع الناس,1,أدبي,1,https://www.osboha180.com/evaluation/books/213b.pdf,296,,,
التربية والتجديد,2,تربية,1,https://www.osboha180.com/evaluation/books/214b.pdf,200,,,
من اليوم لن تنام حزيناً يا بني,1,تربية,1,https://www.osboha180.com/evaluation/books/215b.pdf,378,,,
عبقرية خالد بن الوليد العسكرية,1,عسكري,1,https://www.osboha180.com/evaluation/books/216b.pdf,64,,,
سلطة الثقافة الغالبة,3,فكري,1,https://www.osboha180.com/evaluation/books/217b.pdf,250,,,
الله لا يرمي النرد,3,علمي,1,https://www.osboha180.com/evaluation/books/627b.pdf,241,,,
الكون الأنيق,3,علمي,1,https://www.osboha180.com/evaluation/books/611b.pdf,471,,,
البخلاء,3,أدبي,1,https://www.osboha180.com/evaluation/books/221b.pdf,569,,,
في سبيل الإصلاح,1,أدبي,1,https://www.osboha180.com/evaluation/books/222b.pdf,216,,,
أليس الصبح بقريب,1,ديني,1,https://www.osboha180.com/evaluation/books/223b.pdf,230,,,
صفقات رابحة,1,ديني,1,https://www.osboha180.com/evaluation/books/224b.pdf,210,,,
شباب بلا مشاكل,1,تربية,1,https://www.osboha180.com/evaluation/books/228b.pdf,295,,,
نظرية الفستق,1,اجتماعي,1,https://www.osboha180.com/evaluation/books/568b.pdf,338,,,
أشهر 50 خرافة في علم النفس,2,اجتماعي,1,https://www.osboha180.com/evaluation/books/540b.pdf,466,,,
سابغات,3,فكري,1,https://www.osboha180.com/evaluation/books/518b.pdf,239,,,
إنها فاطمة الزهراء,1,سير الصحابة,1,https://www.osboha180.com/evaluation/books/519b.pdf,360,,,
الهزيمة,1,تنمية,1,https://www.osboha180.com/evaluation/books/234b.pdf,161,,,
سيكولوجية الجماهير,2,فكري,1,https://www.osboha180.com/evaluation/books/236b.pdf,228,,,
تجديد الفكر العربي,3,فكري,1,https://www.osboha180.com/evaluation/books/237b.pdf,388,,,
رحماء بينهم,2,اجتماعي,1,https://www.osboha180.com/evaluation/books/238b.pdf,271,,,
زدني علماً,3,اجتماعي,1,https://www.osboha180.com/evaluation/books/629b.pdf,479,,,
قصف العقول,3,سياسي,1,https://www.osboha180.com/evaluation/books/520b.pdf,419,,,
الموساد - اغتيال زعماء و علماء,1,سياسي,1,https://www.osboha180.com/evaluation/books/241b.pdf,199,,,
سنة التفاضل,2,تربية,1,https://www.osboha180.com/evaluation/books/242b.pdf,298,,,
الأساطير المؤسسة للسياسة الاسرائيلية,3,سياسي,1,https://www.osboha180.com/evaluation/books/243b.pdf,338,,,
الثقافة التلفزيونية,2,فكري,1,https://www.osboha180.com/evaluation/books/244b.pdf,230,,,
عجز الثقات,1,ديني,1,https://www.osboha180.com/evaluation/books/245b.pdf,192,,,
سحر البلاغة و سر البراعة,2,أدبي,1,https://www.osboha180.com/evaluation/books/246b.pdf,212,,,
من حديث النفس,1,أدبي,1,https://www.osboha180.com/evaluation/books/247b.pdf,312,,,
ثمرات الأوراق,3,أدبي,1,https://www.osboha180.com/evaluation/books/248b.pdf,328,,,
التحدي الصيني أثر الصعود الصيني في حياتنا,3,إقتصادي,1,https://www.osboha180.com/evaluation/books/249b.pdf,316,,,
مطالعات علمية,3,علمي,1,https://www.osboha180.com/evaluation/books/250b.pdf,172,,,
المخبر الاقتصادي,3,إقتصادي,1,https://www.osboha180.com/evaluation/books/251b.pdf,266,,,
الحضارة المصرية بين الهيلينية والرومانية,1,تاريخي,1,https://www.osboha180.com/evaluation/books/252b.pdf,98,,,
قراءة في دفاتر بعض الحمير,2,أدبي,1,https://www.osboha180.com/evaluation/books/253b.pdf,216,,,
القراءة المتأنية في عصر السرعة,1,تنمية,1,https://www.osboha180.com/evaluation/books/254b.pdf,463,,,
مقدمة في علم الفلك,3,علمي,1,https://www.osboha180.com/evaluation/books/255b.pdf,335,,,
الفيزياء المسلية,2,علمي,1,https://www.osboha180.com/evaluation/books/256b.pdf,265,,,
روضة العقلاء ونزهة الفضلاء,3,أدبي,1,https://www.osboha180.com/evaluation/books/257b.pdf,292,,,
المرجع في صعوبات التعلم,2,تربية,1,https://www.osboha180.com/evaluation/books/258b.pdf,594,,,
المغالطات المنطقية,3,اجتماعي,1,https://www.osboha180.com/evaluation/books/259b.pdf,274,,,
الشكوى والعتاب وما وقع للخلان والأصحاب,3,أدبي,1,https://www.osboha180.com/evaluation/books/260b.pdf,372,,,
الفوائد,2,ديني,1,https://www.osboha180.com/evaluation/books/261b.pdf,368,,,
الاقتصاد العالمي الخفي,2,إقتصادي,1,https://www.osboha180.com/evaluation/books/263b.pdf,366,,,
السرطان (مقدمة قصيرة جداً),2,علمي,1,https://www.osboha180.com/evaluation/books/264b.pdf,141,,,
كيف عاملهم,1,ديني,1,https://www.osboha180.com/evaluation/books/265b.pdf,802,,,
how he treated them,1,انجليزي,1,https://www.osboha180.com/evaluation/books/266b.pdf,546,,,
أبوبكر الصديق شخصبته وعصره,2,سير الصحابة,1,https://www.osboha180.com/evaluation/books/267b.pdf,314,,,
أبوبكر الصديق خليفة الرسول صلى الله عليه وسلم,2,سير الصحابة,1,https://www.osboha180.com/evaluation/books/268b.pdf,767,,,
فخ العولمة,2,فكري,1,https://www.osboha180.com/evaluation/books/270b.pdf,375,,,
تاريخ تركيا,2,تاريخي,1,https://www.osboha180.com/evaluation/books/271b.pdf,111,,,
أمريكا والإبادات الجماعية,3,تاريخي,1,https://www.osboha180.com/evaluation/books/272b.pdf,201,,,
نباتاً حسناً,1,تربية,1,https://www.osboha180.com/evaluation/books/273b.pdf,154,,,
الأطفال المزعجون,1,تربية,1,https://www.osboha180.com/evaluation/books/274b.pdf,279,,,
التخطيط للتقدم الاقتصادي والاجتماعي,2,إقتصادي,1,https://www.osboha180.com/evaluation/books/275b.pdf,356,,,
انهيار العولمة,3,إقتصادي,1,https://www.osboha180.com/evaluation/books/276b.pdf,203,,,
الملك النجار,1,أدبي,3,https://www.osboha180.com/evaluation/books/279b.pdf,25,,,
أليس في بلاد العجائب,1,أدبي,3,https://archive.org/download/20191106_20191106_2046/%D8%A7%D9%84%D9%8A%D8%B3%20%D9%81%D9%8A%20%D8%A8%D9%84%D8%A7%D8%AF%20%D8%A7%D9%84%D8%B9%D8%AC%D8%A7%D8%A6%D8%A8.pdf,144,,,
أجمل عشر تجارب على الإطلاق,1,علمي,1,https://www.osboha180.com/evaluation/books/285b.pdf,260,,,
الذكاء الاصطناعي,3,علمي,1,https://www.osboha180.com/evaluation/books/286b.pdf,215,,,
تاريخ الجزائر في القديم والحديث ( الجزء الأول ),3,تاريخي,1,https://www.osboha180.com/evaluation/books/287b.pdf,382,,,
تاريخ الجزائر في القديم والحديث ( الجزء الثاني ),3,تاريخي,1,https://www.osboha180.com/evaluation/books/288b.pdf,520,,,
تاريخ الجزائر في القديم والحديث ( الجزء الثالث ),3,تاريخي,1,https://www.osboha180.com/evaluation/books/744b.pdf,334,,,
تاريخ الشرق الأدنى القديم,2,تاريخي,1,https://www.osboha180.com/evaluation/books/290b.pdf,222,,,
منهج كتابة التاريخ الإسلامي كيف و لماذا,1,تاريخي,1,https://www.osboha180.com/evaluation/books/291b.pdf,270,,,
فصل الخطاب في سيرة ابن الخطاب,2,سير الصحابة,1,https://www.osboha180.com/evaluation/books/292b.pdf,703,,,
قواعد قرآنية,1,ديني,4,https://www.osboha180.com/evaluation/books/293b.pdf,328,,,
غزوات الرسول,2,ديني,4,https://www.osboha180.com/evaluation/books/294b.pdf,367,,,
مواعظ الصحابة,2,ديني,4,https://www.osboha180.com/evaluation/books/295b.pdf,288,,,
هنيئا لمن عرف ربه \ أسماء الجلال,2,ديني,4,https://www.osboha180.com/evaluation/books/296b.pdf,304,,,
كيف تقرأ القرآن في رمضان,2,ديني,4,https://www.osboha180.com/evaluation/books/297b.pdf,104,,,
قصص الصحابة والصالحين,2,ديني,4,https://www.osboha180.com/evaluation/books/298b.pdf,360,,,
عقيدة المسلم,2,ديني,4,https://www.osboha180.com/evaluation/books/299b.pdf,256,,,
تيسير الكريم المنان في سيرة عثمان بن عفان,2,سير الصحابة,1,https://www.osboha180.com/evaluation/books/300b.pdf,480,,,
أطلس الخليفة عثمان بن عفان,1,سير الصحابة,1,https://www.osboha180.com/evaluation/books/301b.pdf,325,,,
الأسرة وصحتها النفسية,2,تربية,1,https://www.osboha180.com/evaluation/books/314b.pdf,237,,,
مقدمة في تاريخ الحضارات القديمة ( الوجيز في بلاد الرافدين ),2,تاريخي,1,https://www.osboha180.com/evaluation/books/315b.pdf,738,,,
أسمى المطالب في سيرة أمير المؤمنين علي بن ابي طالب,2,سير الصحابة,1,https://www.osboha180.com/evaluation/books/316b.pdf,1117,,,
الجمهور التسويق في عالم رقمي,2,إقتصادي,1,https://www.osboha180.com/evaluation/books/317b.pdf,360,,,
أسرار القوة الذاتية,2,تنمية,1,https://www.osboha180.com/evaluation/books/318b.pdf,251,,,
بناء الثقة بالنفس باستخدام الكلمات المشجعة,2,تنمية,1,https://www.osboha180.com/evaluation/books/319b.pdf,202,,,
الطريق من هنا,3,اجتماعي,1,https://www.osboha180.com/evaluation/books/320b.pdf,136,,,
شكراً أيها الأعداء,2,اجتماعي,1,https://www.osboha180.com/evaluation/books/321b.pdf,345,,,
موسوعة الحسن والحسين,2,سير الصحابة,1,https://www.osboha180.com/evaluation/books/322b.pdf,366,,,
أطلس الخليفة علي بن أبي طالب,1,سير الصحابة,1,https://drive.google.com/file/d/1V6yyzWpwI7CldCZRrKr4HmWySO65Y_6M/view?usp=sharing,270,,,
المرشد الكامل للمشروعات الصغيرة,2,إقتصادي,1,https://www.osboha180.com/evaluation/books/324b.pdf,512,,,
الاقتصاد عارياً,1,إقتصادي,1,https://www.osboha180.com/evaluation/books/325b.pdf,311,,,
الشخصية الساحرة,1,تنمية,1,https://www.osboha180.com/evaluation/books/326b.pdf,325,,,
صناعة القائد,2,تنمية,1,https://www.osboha180.com/evaluation/books/327b.pdf,298,,,
القضية الفلسطينية ، خلفياتها التاريخية وتطوراتها المعاصرة.,1,تاريخي,1,https://www.osboha180.com/evaluation/books/328b.pdf,208,,,
طفل يقرأ,1,تربية,1,https://www.osboha180.com/evaluation/books/329b.pdf,154,,,
صناعة الثقافة,1,فكري,1,https://www.osboha180.com/evaluation/books/330b.pdf,179,,,
معركة الأحرار,3,فكري,1,https://www.osboha180.com/evaluation/books/331b.pdf,117,,,
الطريق إلى القرآن,2,ديني,1,https://www.osboha180.com/evaluation/books/332b.pdf,114,,,
سباق نحو الجنان,2,ديني,1,https://www.osboha180.com/evaluation/books/333b.pdf,188,,,
نصوص بغدادية نادرة,1,اجتماعي,1,https://www.osboha180.com/evaluation/books/334b.pdf,238,,,
الحرب العالمية الثانية,2,تاريخي,1,https://www.osboha180.com/evaluation/books/335b.pdf,74,,,
شرح غرائب العالم الحديث,1,علمي,1,https://www.osboha180.com/evaluation/books/336b.pdf,148,,,
الفيروسات (مقدمة قصيرة جداً),2,علمي,1,https://www.osboha180.com/evaluation/books/337b.pdf,172,,,
روح الحداثة,3,سياسي,1,https://www.osboha180.com/evaluation/books/338b.pdf,289,,,
تاريخ العرب من بداية الحروب الصليبية إلى نهاية الدولة العثمانية,3,تاريخي,1,https://www.osboha180.com/evaluation/books/339b.pdf,797,,,
قيمة القيم,2,فكري,1,https://www.osboha180.com/evaluation/books/340b.pdf,327,,,
نهب الفقراء,2,إقتصادي,1,https://www.osboha180.com/evaluation/books/341b.pdf,273,,,
الاقتصاد السياسي,2,إقتصادي,1,https://www.osboha180.com/evaluation/books/342b.pdf,132,,,
النوم (مقدمة قصيرة جداً),2,علمي,1,https://www.osboha180.com/evaluation/books/343b.pdf,160,,,
من عجائب الخلق في عالم الأسماك,1,علمي,1,https://www.osboha180.com/evaluation/books/344b.pdf,160,,,
عقيدة الصدمة,3,سياسي,1,https://www.osboha180.com/evaluation/books/345b.pdf,657,,,
سلطة الصورة الذهنية,3,اجتماعي,1,https://www.osboha180.com/evaluation/books/346b.pdf,113,,,
صناع النقود,3,إقتصادي,1,https://www.osboha180.com/evaluation/books/347b.pdf,326,,,
أسئلة الثورة,1,سياسي,1,https://www.osboha180.com/evaluation/books/348b.pdf,212,,,
تجارب ست ثورات عالمية,3,فكري,1,https://www.osboha180.com/evaluation/books/349b.pdf,263,,,
الأجندة الخفية للعولمة,3,سياسي,1,https://www.osboha180.com/evaluation/books/350b.pdf,378,,,
مقالات لكبار كتاب العربية,2,أدبي,1,https://www.osboha180.com/evaluation/books/352b.pdf,376,,,
البعد الخفي,3,فكري,1,https://www.osboha180.com/evaluation/books/353b.pdf,300,,,
الهيمنة أم البقاء,3,سياسي,1,https://www.osboha180.com/evaluation/books/628b.pdf,318,,,
الداروينية المتأسلمة,3,فكري,1,https://www.osboha180.com/evaluation/books/355b.pdf,122,,,
حقائق و اخطاء و أكاذيب:السياسة و الاقتصاد,3,إقتصادي,1,https://www.osboha180.com/evaluation/books/356b.pdf,500,,,
دليل الرجل العادي الى تاريخ الفكر الاقتصادي,1,إقتصادي,1,https://www.osboha180.com/evaluation/books/357b.pdf,188,,,
جواهر البلاغة,3,أدبي,1,https://www.osboha180.com/evaluation/books/358b.pdf,436,,,
الدولة الفاشلة,2,سياسي,1,https://www.osboha180.com/evaluation/books/359b.pdf,369,,,
هارون اخي,2,اجتماعي,1,https://www.osboha180.com/evaluation/books/360b.pdf,266,,,
الفكر السياسي في القرن العشرين جزء1,3,سياسي,1,https://www.osboha180.com/evaluation/books/361b.pdf,457,,,
اقرئي يا بلادي,1,اجتماعي,1,https://www.osboha180.com/evaluation/books/362b.pdf,323,,,
الفكر السياسي في القرن العشرين جزء2,3,سياسي,1,https://www.osboha180.com/evaluation/books/363b.pdf,600,,,
الشباب العربي ومشكلاته,2,تربية,1,https://www.osboha180.com/evaluation/books/364b.pdf,241,,,
متمردون لوجه الله,2,ديني,1,https://www.osboha180.com/evaluation/books/365b.pdf,276,,,
مدير الدقيقة الواحدة,1,تنمية,1,https://www.osboha180.com/evaluation/books/366b.pdf,102,,,
التربيع والتدوير,2,أدبي,1,https://www.osboha180.com/evaluation/books/367b.pdf,50,,,
غيّر أي شيء تقريبا خلال 21 يوماً,1,تنمية,1,https://www.osboha180.com/evaluation/books/368b.pdf,209,,,
التواصل الأسري,2,تربية,1,https://www.osboha180.com/evaluation/books/369b.pdf,81,,,
مشكلات الأطفال,1,تربية,1,https://www.osboha180.com/evaluation/books/370b.pdf,114,,,
هاجس المؤامرة في الفكر العربي,2,سياسي,1,https://www.osboha180.com/evaluation/books/371b.pdf,231,,,
ارتقاء الحياة,2,علمي,1,https://www.osboha180.com/evaluation/books/372b.pdf,375,,,
الإقتصاد السياسي للبطالة,0,,,https://ia601407.us.archive.org/…/الإقتصاد-السياسي-للبطالة.…,461,,,
تربية الشباب ( الأهداف و الوسائل ),1,تربية,1,https://www.osboha180.com/evaluation/books/375b.pdf,146,,,
مواقف حاسمة في تاريخ الإسلام,2,تاريخي,1,https://www.osboha180.com/evaluation/books/376b.pdf,396,,,
رأس المال في القرن الحادي والعشرين,3,إقتصادي,1,https://www.osboha180.com/evaluation/books/377b.pdf,655,,,
بلاغ الرسالة القرآنية,2,ديني,1,https://www.osboha180.com/evaluation/books/378b.pdf,182,,,
شخصيات من القران الكريم,2,ديني,1,https://www.osboha180.com/evaluation/books/379b.pdf,101,,,
الحب في التربية النبوية,2,ديني,1,https://www.osboha180.com/evaluation/books/380b.pdf,400,,,
كلام في الصميم,2,تنمية,1,https://www.osboha180.com/evaluation/books/381b.pdf,214,,,
الماجريات,3,فكري,1,https://www.osboha180.com/evaluation/books/382b.pdf,344,,,
جمالية الدين,2,ديني,1,https://www.osboha180.com/evaluation/books/383b.pdf,165,,,
أحداث النهاية ونهاية العالم,2,ديني,1,https://www.osboha180.com/evaluation/books/384b.pdf,704,,,
التوحد,2,اجتماعي,1,https://www.osboha180.com/evaluation/books/385b.pdf,142,,,
حب القراءة,1,تنمية,1,https://www.osboha180.com/evaluation/books/386b.pdf,68,,,
ينبوع الغواية الفكرية,3,فكري,1,https://www.osboha180.com/evaluation/books/387b.pdf,621,,,
الأب الغني و الأب الفقير,2,إقتصادي,1,https://www.osboha180.com/evaluation/books/388b.pdf,244,,,
اينشتاين والنسبية,2,علمي,1,https://www.osboha180.com/evaluation/books/389b.pdf,104,,,
مسلكيات,1,تربية,1,https://www.osboha180.com/evaluation/books/390b.pdf,188,,,
الرأسمالية تجدد نفسها,3,إقتصادي,1,https://www.osboha180.com/evaluation/books/391b.pdf,496,,,
مبادئ الإقتصاد السياسي,3,إقتصادي,1,https://www.osboha180.com/evaluation/books/392b.pdf,434,,,
الحياة دليل ارشادي,1,تنمية,1,https://drive.google.com/file/d/1RtbJLmcUgPdg0ftTGuCkZMJ9ZwqsUBn6/view?usp=sharing,548,,,
ماذا قدم المسلمون للعالم,3,تاريخي,1,https://www.osboha180.com/evaluation/books/394b.pdf,851,,,
تاريخ الدولة العباسية,2,تاريخي,1,https://www.osboha180.com/evaluation/books/395b.pdf,281,,,
صفحات من صبر العلماء على شدائد العلم والتحصيل,1,تربية,1,https://www.osboha180.com/evaluation/books/396b.pdf,152,,,
50 شمعة لإضاءة دروبكم.,2,تربية,1,https://www.osboha180.com/evaluation/books/397b.pdf,203,,,
الإقتصاد السياسي للبطالة,3,إقتصادي,1,https://www.osboha180.com/evaluation/books/398b.pdf,461,,,
تاريخ المماليك في مصر و بلاد الشام,2,تاريخي,1,https://www.osboha180.com/evaluation/books/399b.pdf,608,,,
علو الهمة,2,تنمية,1,https://www.osboha180.com/evaluation/books/400b.pdf,424,,,
تكنولوجيا النانو من اجل غد أفضل,3,علمي,1,https://www.osboha180.com/evaluation/books/401b.pdf,323,,,
الإستيطان الأجنبي في الوطن العربي,1,تاريخي,1,https://www.osboha180.com/evaluation/books/402b.pdf,263,,,
إدارة الأولويات لمتعددي المواهب والقدارات,2,تنمية,1,https://www.osboha180.com/evaluation/books/403b.pdf,608,,,
طرح الأسئلة المناسبة - المرشد لتفكير الناقد -,3,تنمية,1,https://www.osboha180.com/evaluation/books/404b.pdf,385,,,
الحرية والطوفان,3,فكري,1,https://www.osboha180.com/evaluation/books/405b.pdf,364,,,
إستراتيجيات إدارة الأزمات والكوارث: دور العلاقات العامة,2,تنمية,1,https://www.osboha180.com/evaluation/books/407b.pdf,276,,,
العسكرية العربية الإسلامية عقيدة وتاريخاً وقادة وتراثاً ولغة وسلاحا,1,عسكري,1,https://www.osboha180.com/evaluation/books/408b.pdf,205,,,
مدنيو آسيا في زمن الحرب,2,تاريخي,1,https://www.osboha180.com/evaluation/books/409b.pdf,382,,,
أمريكا الكتاب الأسود,3,سياسي,1,https://www.osboha180.com/evaluation/books/410b.pdf,312,,,
أزمة التعليم المعاصر,3,اجتماعي,1,https://www.osboha180.com/evaluation/books/411b.pdf,195,,,
مقدمة في علم التفاوض الاجتماعي والسياسي,3,سياسي,1,https://www.osboha180.com/evaluation/books/412b.pdf,297,,,
مكتباتهم,1,أدبي,1,https://www.osboha180.com/evaluation/books/414b.pdf,144,,,
حكام العالم الجدد,2,سياسي,1,https://www.osboha180.com/evaluation/books/415b.pdf,257,,,
برنامج الكفاءة الشخصية,2,تنمية,1,https://www.osboha180.com/evaluation/books/416b.pdf,291,,,
خريطة العقل,2,تنمية,1,https://www.osboha180.com/evaluation/books/417b.pdf,433,,,
المدخل إلى فن المناظرة,2,أدبي,1,https://www.osboha180.com/evaluation/books/418b.pdf,175,,,
عولمة الفقر,3,إقتصادي,1,https://www.osboha180.com/evaluation/books/419b.pdf,330,,,
أمير المؤمنين الحسن بن علي بن أبي طالب رضي الله عنه,2,سير الصحابة,1,https://www.osboha180.com/evaluation/books/421b.pdf,480,,,
الفكر التربوي العربي الحديث,2,تربية,1,https://www.osboha180.com/evaluation/books/423b.pdf,345,,,
آل روتشيلد,1,سياسي,1,https://www.osboha180.com/evaluation/books/424b.pdf,296,,,
عصر الإنكا,3,تاريخي,1,https://www.osboha180.com/evaluation/books/425b.pdf,264,,,
الموهبة لا تكفي أبداً,2,تنمية,1,https://www.osboha180.com/evaluation/books/427b.pdf,302,,,
فاطمة الزهراء بنت رسول الله وأم الحسنين,2,سير الصحابة,1,https://www.osboha180.com/evaluation/books/428b.pdf,384,,,
اضطراب الانتباه لدى الاطفال اسبابه وتشخيصه وعلاجه,3,تربية,1,https://www.osboha180.com/evaluation/books/429b.pdf,156,,,
قصة الأيمان,3,فكري,1,https://www.osboha180.com/evaluation/books/432b.pdf,475,,,
حول إعادة تشكيل العقل المسلم,3,فكري,1,https://www.osboha180.com/evaluation/books/433b.pdf,157,,,
الأزمة الدستورية في الحضارة الإسلامية,3,فكري,1,https://www.osboha180.com/evaluation/books/434b.pdf,609,,,
الشمس النجم الذي يهبنا الحياة,3,علمي,1,https://www.osboha180.com/evaluation/books/435b.pdf,230,,,
هكذا نربي!,2,تربية,1,https://www.osboha180.com/evaluation/books/436b.pdf,214,,,
السرنديبية اكتشافات علمية وليدة الصدفة,1,علمي,1,https://www.osboha180.com/evaluation/books/437b.pdf,344,,,
خط الزمن ، قصة فلسطين من ظهور الإنسان إلى زماننا,2,تاريخي,1,https://www.osboha180.com/evaluation/books/438b.pdf,266,,,
صناعة الواقع,2,فكري,1,https://www.osboha180.com/evaluation/books/439b.pdf,356,,,
إلى الجيل الصاعد,2,تربية,1,https://www.osboha180.com/evaluation/books/441b.pdf,129,,,
الحرب الهادئة,2,سياسي,1,https://www.osboha180.com/evaluation/books/442b.pdf,226,,,
زخرف القول,3,ديني,1,https://www.osboha180.com/evaluation/books/443b.pdf,345,,,
دليل الجيب للتفكير الانتقادي,2,فكري,1,https://www.osboha180.com/evaluation/books/444b.pdf,164,,,
التفكير النقدي,3,فكري,1,https://www.osboha180.com/evaluation/books/445b.pdf,337,,,
الواضح في النحو,3,أدبي,1,https://www.osboha180.com/evaluation/books/612b.pdf,355,,,
الواضح في علم الصرف,3,أدبي,1,https://www.osboha180.com/evaluation/books/447b.pdf,286,,,
نقطة التحول,2,تنمية,1,https://www.osboha180.com/evaluation/books/448b.pdf,124,,,
think and grow rich,1,انجليزي,1,https://www.osboha180.com/evaluation/books/449b.pdf,138,,,
النسق القرآني ومشروع الإنسان,3,فكري,1,https://www.osboha180.com/evaluation/books/450b.pdf,90,,,
The Tipping Point,2,انجليزي,1,https://www.osboha180.com/evaluation/books/451b.pdf,287,,,
فن التعامل مع المراهقين,2,تربية,1,https://www.osboha180.com/evaluation/books/477b.pdf,289,,,
Start with Why,2,انجليزي,1,https://www.osboha180.com/evaluation/books/478b.pdf,271,,,
zero to one,2,انجليزي,1,https://www.osboha180.com/evaluation/books/479b.pdf,168,,,
blink :The Power of Thinking Without Thinking,2,انجليزي,1,https://www.osboha180.com/evaluation/books/480b.pdf,308,,,
فتاة الضباب : أحاديث المرأة.. أين الخلل,3,فكري,1,https://www.osboha180.com/evaluation/books/482b.pdf,203,,,
من هنا نتعلم,2,فكري,1,https://www.osboha180.com/evaluation/books/483b.pdf,198,,,
علم النفس في حياتنا اليومية,3,فكري,1,https://www.osboha180.com/evaluation/books/484b.pdf,582,,,
الجناية على الشافعي,3,ديني,1,https://www.osboha180.com/evaluation/books/485b.pdf,680,,,
بصحبة كوب من الشاي,1,اجتماعي,1,https://www.osboha180.com/evaluation/books/486b.pdf,196,,,
365 يوم مع خاتم الأنبياء,1,ديني,3,https://drive.google.com/file/d/116sM9agYFfwzGpHmFhD1ZmozzA19tfTR/view?usp=sharing,391,,,
صور وخواطر,1,أدبي,1,https://www.osboha180.com/evaluation/books/492b.pdf,288,,,
متعة الحديث,1,أدبي,1,https://www.osboha180.com/evaluation/books/495b.pdf,315,,,
كيف تقرأ كتاباً,2,تنمية,1,https://www.osboha180.com/evaluation/books/493b.pdf,378,,,
قصة العلوم الطبية في الحضارة الإسلامية,2,علمي,1,https://www.osboha180.com/evaluation/books/494b.pdf,320,,,
الميكروبات والحرب البيولوجية,3,علمي,1,https://www.osboha180.com/evaluation/books/496b.pdf,187,,,
هكذا علمتني الحياة,1,اجتماعي,1,https://www.osboha180.com/evaluation/books/488b.pdf,368,,,
اقرا وربك الاكرم,1,اجتماعي,1,https://www.osboha180.com/evaluation/books/487b.pdf,290,,,
ثروة الامم,2,إقتصادي,1,https://www.osboha180.com/evaluation/books/490b.pdf,264,,,
الاستثمار : قراءة في المفهوم والأنماط والمحددات,1,إقتصادي,1,https://www.osboha180.com/evaluation/books/491b.pdf,205,,,
الهدي النبوي في تربية الأولاد في ضوء الكتاب والسنة,2,تربية,1,https://www.osboha180.com/evaluation/books/510b.pdf,342,,,
مشروع الابن المبدع,2,تربية,1,https://www.osboha180.com/evaluation/books/509b.pdf,320,,,
الاقتراب من الله (بحث في أصل الكون وكيف بدأ),3,علمي,1,https://www.osboha180.com/evaluation/books/505b.pdf,353,,,
الأدلة العقلية النقلية على أصول الاعتقاد,3,ديني,1,https://www.osboha180.com/evaluation/books/508b.pdf,620,,,
امرأة من طراز خاص,1,تنمية,1,https://www.osboha180.com/evaluation/books/506b.pdf,219,,,
خواطر شاب,1,تنمية,1,https://www.osboha180.com/evaluation/books/507b.pdf,164,,,
رحلتي من الشك الى الإيمان,2,فكري,1,https://www.osboha180.com/evaluation/books/503b.pdf,97,,,
حوار مع صديقي الملحد,2,فكري,1,https://www.osboha180.com/evaluation/books/502b.pdf,165,,,
ضوابط المعرفة وأصول الالستدلال والمناظرة,3,ديني,1,https://www.osboha180.com/evaluation/books/499b.pdf,498,,,
خرافة الإلحاد,3,فكري,1,https://www.osboha180.com/evaluation/books/501b.pdf,674,,,
للكون إله,3,فكري,1,https://www.osboha180.com/evaluation/books/504b.pdf,819,,,
حروب قذرة,2,عسكري,1,https://www.osboha180.com/evaluation/books/511b.pdf,444,,,
استراتيجية الاستعمار والتحرير,3,عسكري,1,https://www.osboha180.com/evaluation/books/512b.pdf,152,,,
مذابح وجرائم محاكم التفتيش في الأندلس,2,تاريخي,1,https://www.osboha180.com/evaluation/books/497b.pdf,213,,,
الإسلام في الصين,2,تاريخي,1,https://www.osboha180.com/evaluation/books/498b.pdf,249,,,
المتلاعبون بالعقول,2,سياسي,1,https://www.osboha180.com/evaluation/books/500b.pdf,161,,,
التأمل كيف تصل إلى اليقين,1,ديني,1,https://www.osboha180.com/evaluation/books/513b.pdf,131,,,
المناعة الفكرية,1,فكري,1,https://www.osboha180.com/evaluation/books/516b.pdf,160,,,
لماذا نقرأ؟ لطائفة من المفكرين,1,فكري,1,https://www.osboha180.com/evaluation/books/515b.pdf,324,,,
القرآن وعلم النفس,2,اجتماعي,1,https://www.osboha180.com/evaluation/books/521b.pdf,122,,,
فن الكلام,1,اجتماعي,1,https://www.osboha180.com/evaluation/books/522b.pdf,357,,,
الطاقة لعبة الكبار,2,إقتصادي,1,https://www.osboha180.com/evaluation/books/523b.pdf,357,,,
بيوت بلا ديون,1,إقتصادي,1,https://www.osboha180.com/evaluation/books/524b.pdf,197,,,
مدارج النحو,1,أدبي,1,https://www.osboha180.com/evaluation/books/525b.pdf,96,,,
عشرة أدباء يتحدثون,1,أدبي,1,https://www.osboha180.com/evaluation/books/526b.pdf,396,,,
عباقرة الحضارة العلمية في الإسلام,2,علمي,1,https://www.osboha180.com/evaluation/books/528b.pdf,320,,,
فيزياء الجسيمات,2,علمي,1,https://www.osboha180.com/evaluation/books/527b.pdf,148,,,
تاريخ العرب المعاصر,2,تاريخي,1,https://www.osboha180.com/evaluation/books/529b.pdf,264,,,
انتصارات يوسف بن تاشفين,2,تاريخي,1,https://www.osboha180.com/evaluation/books/530b.pdf,270,,,
فن التعامل النبوي مع غير المسلمين,2,ديني,1,https://www.osboha180.com/evaluation/books/531b.pdf,255,,,
الأدلة الجلية على صدق خير البرية ﷺ,2,ديني,1,https://www.osboha180.com/evaluation/books/532b.pdf,211,,,
العلمانيون والنبوة أبعاد التحريف العلماني لمقامات النبوة,2,فكري,1,https://www.osboha180.com/evaluation/books/533b.pdf,190,,,
أكثر من 70 وسيلة علمية لنصرة نبينا المصطفى ﷺ,1,ديني,1,https://www.osboha180.com/evaluation/books/534b.pdf,66,,,
أفي النبوءة شك,2,ديني,1,https://www.osboha180.com/evaluation/books/535b.pdf,470,,,
إلا تنصروه فقد نصره الله,2,ديني,1,https://www.osboha180.com/evaluation/books/536b.pdf,200,,,
دليلك المبسط لفهم الاقتصاد,1,إقتصادي,1,https://www.osboha180.com/evaluation/books/489b.pdf,60,,,
حسن الظن بالله,1,ديني,1,https://www.osboha180.com/evaluation/books/537b.pdf,201,,,
الوحي الثاني في ضوء الوحي الأول,2,ديني,1,https://www.osboha180.com/evaluation/books/539b.pdf,294,,,
التأمل: كيف تصل إلى اليقين,1,ديني,5,https://www.osboha180.com/evaluation/books/543b.pdf,161,مكرر,,
حسن الظن بالله,1,ديني,5,https://www.osboha180.com/evaluation/books/545b.pdf,201,مكرر,,
من أجل انطلاقة حضارية,3,اجتماعي,1,https://www.osboha180.com/evaluation/books/553b.pdf,216,,,
لو كنت طيرا,2,اجتماعي,1,https://www.osboha180.com/evaluation/books/554b.pdf,266,,,
منهج للبناء الفكري,1,فكري,1,https://www.osboha180.com/evaluation/books/555b.pdf,137,,,
ظلام من الغرب,2,فكري,1,https://www.osboha180.com/evaluation/books/556b.pdf,256,,,
ينابيع الرجاء,1,ديني,1,https://www.osboha180.com/evaluation/books/557b.pdf,272,,,
الحرب الحضارية الأولي,3,فكري,1,https://www.osboha180.com/evaluation/books/558b.pdf,257,,,
الاقتصاد الإسلامي أسس ومبادئ وأهداف,1,إقتصادي,1,https://www.osboha180.com/evaluation/books/559b.pdf,148,,,
كشف الأقنعة عن نظريات التنمية الاقتصادية,3,إقتصادي,1,https://www.osboha180.com/evaluation/books/560b.pdf,282,,,
معارك إسلامية خالدة من بدر حتى غروزني,2,عسكري,1,https://www.osboha180.com/evaluation/books/561b.pdf,199,,,
السيرة العسكرية لخير البرية,2,عسكري,1,https://www.osboha180.com/evaluation/books/562b.pdf,329,,,
بناء الأجيال,1,تربية,1,https://www.osboha180.com/evaluation/books/563b.pdf,249,,,
مشروع الابن المحبوب,1,تربية,1,https://www.osboha180.com/evaluation/books/564b.pdf,248,,,
هندسة الجمهور,3,اجتماعي,1,https://www.osboha180.com/evaluation/books/565b.pdf,202,,,
أسس علم الإجتماع,2,اجتماعي,1,https://www.osboha180.com/evaluation/books/566b.pdf,259,,,
الأدلة المادية على وجود الله,2,ديني,1,https://www.osboha180.com/evaluation/books/567b.pdf,134,,,
مبادئ الفسيولوجي علم وظائف الأعضاء,2,علمي,1,https://www.osboha180.com/evaluation/books/569b.pdf,229,,,
المجرَّات: مقدمة قصيرة جدًّا,2,علمي,1,https://www.osboha180.com/evaluation/books/570b.pdf,122,,,
فن الادارة,1,تنمية,1,https://www.osboha180.com/evaluation/books/571b.pdf,349,,,
أرتياض العلوم,1,تنمية,1,https://www.osboha180.com/evaluation/books/572b.pdf,264,,,
قواعد الادارة,1,تنمية,1,https://www.osboha180.com/evaluation/books/573b.pdf,369,,,
حب القراءة,1,تنمية,5,https://www.osboha180.com/evaluation/books/386b.pdf,68,,,
التفكير العلمي,2,علمي,1,https://www.osboha180.com/evaluation/books/581b.pdf,234,,,
الثقافة الآمنة,1,تنمية,1,https://www.osboha180.com/evaluation/books/582b.pdf,259,,,
فلسطين و أكذوبة بيع الأرض,2,تاريخي,1,https://www.osboha180.com/evaluation/books/583b.pdf,148,,,
فلسطين واجبات الأمة,2,اجتماعي,1,https://www.osboha180.com/evaluation/books/584b.pdf,511,,,
المسجد الأقصى المبارك والهيكل المزعوم,2,تاريخي,1,https://www.osboha180.com/evaluation/books/585b.pdf,140,,,
الإستعمار الصهيوني في فلسطين,2,تاريخي,1,https://www.osboha180.com/evaluation/books/586b.pdf,69,,,
محاكمة الصهيونية الإسرائيلية,3,سياسي,1,https://www.osboha180.com/evaluation/books/587b.pdf,210,,,
دليل فلسطين المبسط,1,تاريخي,1,https://www.osboha180.com/evaluation/books/591b.pdf,107,,,
أسباب كارثة فلسطين,1,سياسي,1,https://www.osboha180.com/evaluation/books/592b.pdf,297,,,
فتوح فلسطين,1,تاريخي,1,https://www.osboha180.com/evaluation/books/593b.pdf,183,,,
التبيين لمخاطر التطبيع علي المسلمين,2,سياسي,1,https://www.osboha180.com/evaluation/books/594b.pdf,137,,,
صيد الخاطر,2,ديني,1,https://www.osboha180.com/evaluation/books/675b.pdf,787,,,
الإكسير خلاصة أعمال القلوب من مدارج السالكين لابن القيم,2,ديني,1,https://www.osboha180.com/evaluation/books/596b.pdf,288,,,
فقدان التوازن الاجتماعي,2,اجتماعي,1,https://www.osboha180.com/evaluation/books/597b.pdf,72,,,
أسئلة العنف,2,اجتماعي,1,https://www.osboha180.com/evaluation/books/598b.pdf,444,,,
الفجور السياسي,1,سياسي,1,https://www.osboha180.com/evaluation/books/599b.pdf,146,,,
الحلول المستوردة,2,سياسي,1,https://www.osboha180.com/evaluation/books/600b.pdf,404,,,
إعادة النظر في النظام الدولي الجديد,3,سياسي,1,https://www.osboha180.com/evaluation/books/601b.pdf,330,,,
مبادئ الاقتصاد الاسلامي,1,إقتصادي,1,https://www.osboha180.com/evaluation/books/603b.pdf,296,,,
عبقرية الإنتصار في المعارك و فتح الأمصار,1,عسكري,1,https://www.osboha180.com/evaluation/books/604b.pdf,241,,,
حرب الطائرات بدون طيار,1,عسكري,1,https://www.osboha180.com/evaluation/books/605b.pdf,257,,,
كيف تربي ابناءك في هذا الزمن,1,تربية,1,https://www.osboha180.com/evaluation/books/608b.pdf,201,,,
أطفال المسلمين كيف رباهم النبي الأمين,1,تربية,1,https://www.osboha180.com/evaluation/books/609b.pdf,209,,,
بناء القدرات الدماغية,1,علمي,1,https://www.osboha180.com/evaluation/books/613b.pdf,180,,,
وتحكي الكيمياء,1,علمي,1,https://www.osboha180.com/evaluation/books/614b.pdf,201,,,
روائع من التاريخ العثماني,1,تاريخي,1,https://www.osboha180.com/evaluation/books/615b.pdf,120,,,
السلطان سيف الدين قطز ومعركة عين جالوت,1,تاريخي,1,https://www.osboha180.com/evaluation/books/616b.pdf,180,,,
الجناية على سيبويه,3,أدبي,1,https://www.osboha180.com/evaluation/books/617b.pdf,682,,,
الصراع بين الفكرة الإسلامية والفكرة الغربية,3,فكري,1,https://www.osboha180.com/evaluation/books/618b.pdf,232,,,
المسلمون في بورما التاريخ والتحديات,2,تاريخي,1,https://www.osboha180.com/evaluation/books/619b.pdf,167,,,
الإعلام الإسرائيلي ذراع الجلاد,2,سياسي,1,https://www.osboha180.com/evaluation/books/620b.pdf,90,,,
ايها السادة أخلعوا الاقنعة,3,سياسي,1,https://www.osboha180.com/evaluation/books/621b.pdf,108,,,
Invincible Thinking,1,انجليزي,1,https://www.osboha180.com/evaluation/books/622b.pdf,136,,,
صناعة الجوع,3,إقتصادي,1,https://www.osboha180.com/evaluation/books/623b.pdf,378,,,
كيف تبيع أي شيء لأي إنسان,1,إقتصادي,1,https://www.osboha180.com/evaluation/books/624b.pdf,260,,,
تربية طفل متمرد,1,تربية,1,https://www.osboha180.com/evaluation/books/625b.pdf,252,,,
أولادنا ووسائل التواصل الاجتماعي,1,تربية,1,https://www.osboha180.com/evaluation/books/626b.pdf,104,,,
الأطفال و ما يعايشونه,1,تربية,1,https://www.osboha180.com/evaluation/books/630b.pdf,289,,,
إعداد الجندي المسلم,2,سياسي,1,https://www.osboha180.com/evaluation/books/631b.pdf,760,,,
أوهام الشرق الأوسط,3,سياسي,1,https://www.osboha180.com/evaluation/books/632b.pdf,760,,,
العولمة,1,سياسي,1,https://www.osboha180.com/evaluation/books/633b.pdf,131,,,
تكوين الملكة اللغوية,1,أدبي,1,https://www.osboha180.com/evaluation/books/634b.pdf,228,,,
أدب التخاطب,1,أدبي,1,https://www.osboha180.com/evaluation/books/635b.pdf,176,,,
برلين مدن العالم الكبرى,2,تاريخي,1,https://www.osboha180.com/evaluation/books/636b.pdf,112,,,
التلفزيون وآليات التلاعب بالعقول,2,فكري,1,https://www.osboha180.com/evaluation/books/637b.pdf,179,,,
صفحات من تاريخ جمهورية البوسنة والهرسك,2,تاريخي,1,https://www.osboha180.com/evaluation/books/198b.pdf,144,,,
عربي بين ثقافتين,3,أدبي,1,https://www.osboha180.com/evaluation/books/639b.pdf,424,,,
مدخل إلى الأدب الإسلامي,3,أدبي,1,https://www.osboha180.com/evaluation/books/640b.pdf,156,,,
الطفل العنيد,1,تربية,1,https://www.osboha180.com/evaluation/books/641b.pdf,147,,,
التربية الذكية,1,تربية,1,https://www.osboha180.com/evaluation/books/642b.pdf,222,,,
مقدمة قصيرة جدا في علم الأوبئة,1,علمي,1,https://www.osboha180.com/evaluation/books/643b.pdf,149,,,
الطاقة البديلة مصادرها و استخدامها,1,علمي,1,https://www.osboha180.com/evaluation/books/644b.pdf,202,,,
ليلى بين الجنة و النار,1,ديني,1,https://www.osboha180.com/evaluation/books/645b.pdf,334,,,
كيف نتعامل مع السنة النبوية,1,ديني,1,https://www.osboha180.com/evaluation/books/646b.pdf,220,,,
أدب الكاتب,1,أدبي,1,https://www.osboha180.com/evaluation/books/647b.pdf,456,,,
الأدب الأندلسي بين التأثر و التأثير,1,أدبي,1,https://www.osboha180.com/evaluation/books/648b.pdf,244,,,
من الحريات إلى التحرر,1,فكري,1,https://www.osboha180.com/evaluation/books/649b.pdf,227,,,
تاريخ أوروبا فى العصور الوسطى,2,تاريخي,1,https://www.osboha180.com/evaluation/books/676b.pdf,401,,,
أرتيريا و الحبشة,2,تاريخي,1,https://www.osboha180.com/evaluation/books/677b.pdf,121,,,
الأمم المتحدة مقدمة قصيرة جدا,2,سياسي,1,https://www.osboha180.com/evaluation/books/678b.pdf,162,,,
كراهية الديموقراطية,2,سياسي,1,https://www.osboha180.com/evaluation/books/679b.pdf,127,,,
قراءات معرفية في الفكر الأصولي,1,فكري,1,https://www.osboha180.com/evaluation/books/680b.pdf,179,,,
الأسلحة النووية مقدمة قصيرة جدا,2,عسكري,1,https://www.osboha180.com/evaluation/books/681b.pdf,148,,,
علم النفس العسكري,3,عسكري,1,https://www.osboha180.com/evaluation/books/682b.pdf,366,,,
كتاب الانسان المهدور دراسة تحليلية نفسية إجتماعية.,2,اجتماعي,1,https://www.osboha180.com/evaluation/books/683b.pdf,352,,,
كتاب الإكتئاب - اضطراب العصر الحديث فهمه وأساليب علاجه,2,اجتماعي,1,https://www.osboha180.com/evaluation/books/684b.pdf,355,,,
صراع الدببة و الثيران,3,إقتصادي,1,https://www.osboha180.com/evaluation/books/685b.pdf,243,,,
التبعية الاقتصادية في الدول العربية و علاجها في الاقتصاد الإسلامي.,2,إقتصادي,1,https://www.osboha180.com/evaluation/books/686b.pdf,405,,,
مشروع الابن البطل,2,تربية,1,https://www.osboha180.com/evaluation/books/687b.pdf,184,,,
كيف ربى المسلمون أبنائهم.,2,تربية,1,https://www.osboha180.com/evaluation/books/688b.pdf,340,,,
التنبؤ الوراثي,2,علمي,1,https://www.osboha180.com/evaluation/books/689b.pdf,295,,,
موجز تاريخ كل شيء تقريبا,2,علمي,1,https://www.osboha180.com/evaluation/books/690b.pdf,592,,,
الغرباء الأولون,2,ديني,1,https://www.osboha180.com/evaluation/books/691b.pdf,257,,,
السيرة المستنيرة,2,ديني,1,https://www.osboha180.com/evaluation/books/692b.pdf,677,,,
البلاغة فنونها وأفنانها علم البيان والبديع,3,أدبي,1,https://www.osboha180.com/evaluation/books/693b.pdf,429,,,
فصول في الثقافة و الأدب,1,أدبي,1,https://www.osboha180.com/evaluation/books/694b.pdf,320,,,
ما الديموقراطية؟,2,سياسي,1,https://www.osboha180.com/evaluation/books/701b.pdf,348,,,
مأساة سياسة القوى العظمى,3,سياسي,1,https://www.osboha180.com/evaluation/books/696b.pdf,657,,,
مصطلح التاريخ,2,تاريخي,1,https://www.osboha180.com/evaluation/books/697b.pdf,254,,,
بيزنطة و العالم الخارجي,2,تاريخي,1,https://www.osboha180.com/evaluation/books/698b.pdf,313,,,
فن الحرب البحرية في التاريخ العربي الإسلامي,3,عسكري,1,https://www.osboha180.com/evaluation/books/699b.pdf,228,,,
العسكرية الإسلامية فى العصور الوسطى حطين وعين جالوت,2,عسكري,1,https://www.osboha180.com/evaluation/books/700b.pdf,135,,,
الإسلام و الأوضاع الإقتصادية,2,إقتصادي,1,https://www.osboha180.com/evaluation/books/702b.pdf,150,,,
التكافل الإجتماعي في الإسلام.,1,اجتماعي,1,https://www.osboha180.com/evaluation/books/703b.pdf,95,,,
١٠١ استراتيجية في التعلم النشط,1,تربية,1,https://www.osboha180.com/evaluation/books/704b.pdf,200,,,
ابن زمانه,2,تربية,1,https://www.osboha180.com/evaluation/books/705b.pdf,134,,,
مفاهيم تربوية حديثة,2,تربية,1,https://www.osboha180.com/evaluation/books/706b.pdf,414,,,
مرجعك في التربية والتعليم,2,تربية,1,https://www.osboha180.com/evaluation/books/707b.pdf,318,,,
من قتل الابداع وكيف يمكن اعادته للحياة,1,تربية,1,https://www.osboha180.com/evaluation/books/708b.pdf,312,,,
"تكنولوجيا الاتصال "" قضايا معاصرة",2,اجتماعي,1,https://www.osboha180.com/evaluation/books/709b.pdf,308,,,
الثقافة والكرامة حوار بين الشرق الأوسط والغرب,2,اجتماعي,1,https://www.osboha180.com/evaluation/books/710b.pdf,270,,,
الثقافة واجهزتها,2,أدبي,1,https://www.osboha180.com/evaluation/books/711b.pdf,68,,,
المدرسة النمساوية في الإقتصاد,2,إقتصادي,1,https://www.osboha180.com/evaluation/books/712b.pdf,102,,,
خطأ في السعر,2,إقتصادي,1,https://www.osboha180.com/evaluation/books/713b.pdf,300,,,
قوة الاقتصاد,2,إقتصادي,1,https://www.osboha180.com/evaluation/books/714b.pdf,310,,,
التجارة الالكترونية والفكر المحاسبي,1,إقتصادي,1,https://www.osboha180.com/evaluation/books/715b.pdf,100,,,
لكنود,1,تنمية,1,https://www.osboha180.com/evaluation/books/716b.pdf,216,,,
مفاهيم وآليات,1,تنمية,1,https://www.osboha180.com/evaluation/books/717b.pdf,132,,,
مباحث في علوم القرآن,2,ديني,1,https://www.osboha180.com/evaluation/books/718b.pdf,384,,,
نور وهداية,1,ديني,1,https://www.osboha180.com/evaluation/books/719b.pdf,288,,,
وليتبروا ما علو تتبيراً بشرى المؤمنين,2,ديني,1,https://www.osboha180.com/evaluation/books/720b.pdf,300,,,
مستقبل الخوف,3,فكري,1,https://www.osboha180.com/evaluation/books/721b.pdf,370,,,
تكنولوجيا الاتصالات الحديثة في عصر المعلومات,2,علمي,1,https://www.osboha180.com/evaluation/books/722b.pdf,293,,,
تكنولوجيا الإعلام و الاتصال,2,علمي,1,https://www.osboha180.com/evaluation/books/723b.pdf,260,,,
نظريات الاتصال في القرن الحادي و العشرين,2,علمي,1,https://www.osboha180.com/evaluation/books/724b.pdf,385,,,
فلسفة التاريخ نحو تفسير اسلامي للسنن الكونية و النواميس الاجتماعية,2,تاريخي,1,https://www.osboha180.com/evaluation/books/725b.pdf,241,,,
أمريكا والعالم في التاريخ الحديث والمعاصر,1,تاريخي,1,https://www.osboha180.com/evaluation/books/726b.pdf,347,,,
الوسيط في القانون الدولي العام,2,سياسي,1,https://www.osboha180.com/evaluation/books/728b.pdf,461,,,
مقدمة في علم العلاقات الدولية,1,سياسي,1,https://www.osboha180.com/evaluation/books/729b.pdf,218,,,
القانون الدولي الخاص,3,سياسي,1,https://www.osboha180.com/evaluation/books/730b.pdf,343,,,
ابو حنيفة والقيم الإسلامية في مذهبه,2,اجتماعي,1,https://www.osboha180.com/evaluation/books/731b.pdf,183,,,
التكنولوجيا الإكترونية,2,علمي,1,https://www.osboha180.com/evaluation/books/732b.pdf,232,,,
التكنولوجيا الرقمية,2,علمي,1,https://www.osboha180.com/evaluation/books/733b.pdf,332,,,
سلطة النفط و التحول في ميزان القوى العالمية.,3,إقتصادي,1,https://drive.google.com/file/d/1OQqulNaRGz1-nfqMTM3ByJTRpPZUWLqX/view,216,,,
الكون الرقمي الثورة العالمية للاتصالات,3,علمي,1,https://drive.google.com/file/d/1Z40nYZMTyBqUf5_JhbDa2f8Rs9UUDnbv/view,358,,,
قوة الصورة ، كيف نقاومها ؟ و كيف نستثمرها ؟,2,اجتماعي,1,https://drive.google.com/file/d/1ACK01p72ppt5BHCW8OmKIsRj7fxOdiWF/view,199,,,
الإسلام والحضارات,1,تاريخي,1,https://www.osboha180.com/evaluation/books/734b.pdf,179,,,
رمضان ثورة التغيير,1,ديني,4,https://www.osboha180.com/evaluation/books/737b.pdf,182,,,
روح الصيام ومعانيه,1,ديني,4,https://www.osboha180.com/evaluation/books/738b.pdf,140,,,
يوم في حياة مسلم في رمضان,1,ديني,4,https://www.osboha180.com/evaluation/books/739b.pdf,145,,,
مع الصيام,1,ديني,4,https://www.osboha180.com/evaluation/books/740b.pdf,313,,,
رمضان بين يديك يوما بيوم,1,ديني,4,https://www.osboha180.com/evaluation/books/741b.pdf,313,,,
معاني الأذكار,1,ديني,4,https://www.osboha180.com/evaluation/books/742b.pdf,182,,,
المشوق إلى القرآن,2,ديني,4,https://www.osboha180.com/evaluation/books/743b.pdf,178,,,
العجوز والعصفور,1,خيال علمي/ أطفال,3,https://www.osboha180.com/evaluation/books/651b.pdf,18,,,18
أرنوب و الكذب,1,خيال علمي/ أطفال,3,https://www.osboha180.com/evaluation/books/652b.pdf,14,,,14
البوق و الناقوس,1,قصص صحابة/ أطفال,3,https://www.osboha180.com/evaluation/books/653b.pdf,18,,,18
الشريكان الموادع و المحتال,1,قصص صحابة/ أطفال,3,https://www.osboha180.com/evaluation/books/654b.pdf,19,,,19
التيس الطائش الصغير,1,قصص صحابة/ أطفال,3,https://www.osboha180.com/evaluation/books/655b.pdf,18,,,18
أطلس الأطفال المصور,1,قصص صحابة/ أطفال,3,https://www.osboha180.com/evaluation/books/656b.pdf,53,,,53
ضوء النهار والملك زنكار,1,قصص صحابة/ أطفال,3,https://www.osboha180.com/evaluation/books/657b.pdf,32,,,32
أمانة صياد,1,قصص صحابة/ أطفال,3,https://www.osboha180.com/evaluation/books/658b.pdf,20,,,20
ليلة المهرجان,1,قصص صحابة/ أطفال,3,https://www.osboha180.com/evaluation/books/659b.pdf,16,,,16
كن صادقا,1,قصص صحابة/ أطفال,3,https://www.osboha180.com/evaluation/books/660b.pdf,20,,,20
لغز الفتاة المشلولة,1,قصص صحابة/ أطفال,3,https://www.osboha180.com/evaluation/books/661b.pdf,49,,,49
البلاء العظيم,1,قصص صحابة/ أطفال,3,https://www.osboha180.com/evaluation/books/663b.pdf,24,,,24
الطاووس الأبيض,1,قصص صحابة/ أطفال,3,https://www.osboha180.com/evaluation/books/664b.pdf,18,,,18
الهجرة المباركة,1,قصص صحابة/ أطفال,3,https://www.osboha180.com/evaluation/books/665b.pdf,20,,,20
أحكام الطهارة,1,قصص صحابة/ أطفال,3,https://www.osboha180.com/evaluation/books/666b.pdf,24,,,24
المتصدق,1,قصص صحابة/ أطفال,3,https://www.osboha180.com/evaluation/books/667b.pdf,28,,,28
كن بارا,1,قصص صحابة/ أطفال,3,https://www.osboha180.com/evaluation/books/668b.pdf,20,,,20
الضرير و الكسيح,1,قصص صحابة/ أطفال,3,https://www.osboha180.com/evaluation/books/669b.pdf,9,,,9
يوسف عليه السلام,1,قصص صحابة/ أطفال,3,https://www.osboha180.com/evaluation/books/670b.pdf,14,,,14
ذات الرداء الاخضر,1,قصص صحابة/ أطفال,3,https://www.osboha180.com/evaluation/books/671b.pdf,18,,,18
الفتى الطموح,1,قصص صحابة/ أطفال,3,https://www.osboha180.com/evaluation/books/672b.pdf,9,,,9
قصص رواها النبي,1,قصص صحابة/ أطفال,3,https://www.osboha180.com/evaluation/books/673b.pdf,82,,,82
صغارنا يسألون كيف تعمل الأشياء,1,قصص صحابة/ أطفال,3,https://www.osboha180.com/evaluation/books/674b.pdf,20,,,20
كم حياة ستعيش,1,تنمية,5,https://www.osboha180.com/evaluation/books/79b.pdf,114,,,114
افتح النافذة ثمة ضوء,1,تنمية,5,https://www.osboha180.com/evaluation/books/576b.pdf,48,,,48
الحيل النفسية,1,تربية,5,https://www.osboha180.com/evaluation/books/577b.pdf,47,,,47
تربية القادة,1,تربية,5,https://www.osboha180.com/evaluation/books/154b.pdf,48,,,48
أن تكون نفسك,1,تربية,5,https://www.osboha180.com/evaluation/books/578b.pdf,195,,,195
الهمة طريق إلى القمة,1,تربية,5,https://www.osboha180.com/evaluation/books/579b.pdf,83,,,83
نساء في التاريخ,1,تاريخي,5,https://www.osboha180.com/evaluation/books/580b.pdf,131,,,131
خطط لحياتك,1,تنمية,5,https://www.osboha180.com/evaluation/books/552b.pdf,133,,,133
30 قانون للمذاكرة الفعالة,1,تنمية,5,https://www.osboha180.com/evaluation/books/574b.pdf,172,,,172
المسلم الجديد :مقولات قصيرة في بناء الذات,1,ديني,5,https://www.osboha180.com/evaluation/books/546b.pdf,131,,,131
أدرك أهلك قبل أن يحترقوا,1,ديني,5,https://www.osboha180.com/evaluation/books/547b.pdf,82,,,82
من عجائب الخلق في عالم النبات,1,علمي,5,https://www.osboha180.com/evaluation/books/548b.pdf,176,,,176
النجوم من ولادتها حتى تصبح ثقوباً سوداء,1,علمي,5,https://www.osboha180.com/evaluation/books/549b.pdf,65,,,65
لماذا؟! أنت تسأل والفيزياء تجيب,1,علمي,5,https://www.osboha180.com/evaluation/books/550b.pdf,116,,,116
الوقت في حياة المسلم,1,تنمية,5,https://www.osboha180.com/evaluation/books/551b.pdf,71,,,71
الشرك الخفي,1,ديني,5,https://www.osboha180.com/evaluation/books/544b.pdf,74,,,74
رقائق القرآن,1,ديني,5,https://www.osboha180.com/evaluation/books/541b.pdf,176,,,176
كوني صحابية,1,ديني,5,https://www.osboha180.com/evaluation/books/542b.pdf,176,,,176
هل انتهى عصر المعجزات؟,1,تنمية,3,https://www.osboha180.com/evaluation/books/474b.pdf,19,,,19
الحمار الكذّاب,1,أدبي,3,https://www.osboha180.com/evaluation/books/475b.pdf,20,,,20
ذكاء الأنبياء,1,تنمية,3,https://www.osboha180.com/evaluation/books/476b.pdf,62,,,62
تجارب عملية مع الماء,1,علمي,3,https://www.osboha180.com/evaluation/books/464b.pdf,32,,,32
سعيد سعيد!,1,تنمية,3,https://www.osboha180.com/evaluation/books/465b.pdf,26,,,26
مدرسة من؟,1,تنمية,3,https://www.osboha180.com/evaluation/books/466b.pdf,26,,,26
نبأ ابني آدم والغراب,1,تاريخي,3,https://www.osboha180.com/evaluation/books/467b.pdf,13,,,13
الملك طالوت والنهر,1,تاريخي,3,https://www.osboha180.com/evaluation/books/468b.pdf,13,,,13
مدائن إسلامية (القيروان),1,تاريخي,3,https://www.osboha180.com/evaluation/books/469b.pdf,19,,,19
مدائن إسلامية (مكة المكرمة),1,تاريخي,3,https://www.osboha180.com/evaluation/books/470b.pdf,18,,,18
أصحاب الجنة,1,ديني,3,https://www.osboha180.com/evaluation/books/471b.pdf,13,,,13
قصة الحبة العاشرة,1,أدبي,3,https://www.osboha180.com/evaluation/books/472b.pdf,17,,,17
مدائن إسلامية (استانبول),1,تاريخي,3,https://www.osboha180.com/evaluation/books/453b.pdf,18,,,18
حكاية الصياد والسمكة,1,أدبي,3,https://www.osboha180.com/evaluation/books/455b.pdf,32,,,32
قصة هارون الرّشيد الخليفة العابد المجاهد,1,تاريخي,3,https://www.osboha180.com/evaluation/books/456b.pdf,20,,,20
تجارب عملية مع الضوء,1,علمي,3,https://www.osboha180.com/evaluation/books/457b.pdf,32,,,32
اشعب في بلاد الواق واق,1,أدبي,3,https://archive.org/download/civ-2558/civ-2558.pdf,17,,,17
تجارب عملية مع الحركة,1,علمي,3,https://www.osboha180.com/evaluation/books/459b.pdf,32,,,32
تجارب عملية مع المغناطيس,1,علمي,3,https://www.osboha180.com/evaluation/books/460b.pdf,32,,,32
تجارب عملية مع الهواء,1,علمي,3,https://www.osboha180.com/evaluation/books/461b.pdf,32,,,32
أجمل حكايات الحيوانات,1,أدبي,3,https://www.osboha180.com/evaluation/books/462b.pdf,40,,,40
اذهب بعيدا عني,1,تنمية,3,https://archive.org/download/saharelsaman11161_gmail_10/10_%D8%A7%D8%B0%D9%87%D8%A8%2B%D8%A8%D8%B9%D9%8A%D8%AF%D8%A7%2B%D8%B9%D9%86%D9%8A.pdf,28,,,28
100 تجربة علمية,1,علمي,3,https://archive.org/download/100_20200330/100%20%D8%AA%D8%AC%D8%B1%D8%A8%D8%A9%20%D8%B9%D9%84%D9%85%D9%8A%D8%A9.pdf,99,,,99
كتاب الحرب على الكسل,1,تربية,5,https://www.osboha180.com/evaluation/books/302b.pdf,117,,,117
العلم يدهشنا,1,علمي,5,https://www.osboha180.com/evaluation/books/304b.pdf,56,,,56
جسم الانسان -سلسلة العلوم المبسطة,1,علمي,5,https://www.osboha180.com/evaluation/books/305b.pdf,67,,,67
معنى الحياة,2,اجتماعي,1,https://www.osboha180.com/evaluation/books/313b.pdf,351,,,351
أرنوب والكسل,1,أدبي,3,https://www.osboha180.com/evaluation/books/280b.pdf,14,,,14
عباس بن فرناس:حكيم الأندلس,1,تاريخي,3,https://www.osboha180.com/evaluation/books/281b.pdf,19,,,19
أفضل 365 حكاية للأطفال,1,أدبي,3,https://archive.org/download/civ-3173/civ-3173.pdf,278,,,278
حذاء الطنبوري,1,أدبي,3,https://www.osboha180.com/evaluation/books/277b.pdf,23,,,23
جعلوني مربعا ( مجلة ميكي ),1,تنمية,3,https://www.osboha180.com/evaluation/books/225b.pdf,12,,,12
عبقرينو والبذور السائلة ( مجلة ميكي ),1,أدبي,3,https://www.osboha180.com/evaluation/books/226b.pdf,15,,,15
الموسوعة العلمية للأطفال,1,علمي,3,https://www.osboha180.com/evaluation/books/227b.pdf,83,,,83
متن الأربعين النووية,3,ديني,4,https://www.osboha180.com/evaluation/books/195b.pdf,116,,,116
دليل المربي لأنشطة الناشئة,0,,2,http://saaid.net/book/21/15092.pdf,87,,,87
لك صمت ، حول فقه الصيام للأطفال,1,ديني,3,https://www.osboha180.com/evaluation/books/181b.pdf,12,,,12
خير الاعمال في رمضان,1,ديني,3,https://www.osboha180.com/evaluation/books/182b.pdf,17,,,17
منهاج الطفل المسلم,1,تربية,3,https://www.osboha180.com/evaluation/books/183b.pdf,139,,,139
علمني النبي صلى الله عليه وسلم - فرائض الطفل المسلم,1,تربية,3,https://ia800609.us.archive.org/33/items/adel-kids-1-x/Kids1054_.pdf,82,,,82
سلسلة السيرة النبوية للأطفال,1,ديني,3,https://www.osboha180.com/evaluation/books/185b.pdf,83,,,83
سلسلة العشرة المبشرون بالجنة,1,سير الصحابة,3,https://www.osboha180.com/evaluation/books/186b.pdf,160,,,160
يوميات مؤمن : بر الوالدين,1,تربية,3,https://www.osboha180.com/evaluation/books/187b.pdf,24,,,24
يوميات مؤمن : المحافظة على الصلاة,1,ديني,3,https://www.osboha180.com/evaluation/books/188b.pdf,24,,,24
يوميات مؤمن : طلب العلم,1,تنمية,3,https://www.osboha180.com/evaluation/books/189b.pdf,24,,,24
يوميات مؤمن اداب حفظ القران الكريم,1,تربية,3,https://www.osboha180.com/evaluation/books/190b.pdf,24,,,24
يوميات مؤمن : اغتنام الوقت,1,تنمية,3,https://www.osboha180.com/evaluation/books/191b.pdf,24,,,24
يوميات مؤمن: آداب المسجد,1,تربية,3,https://www.osboha180.com/evaluation/books/192b.pdf,24,,,24
روح التربية,0,,2,https://docs.google.com/uc?id=0ByC7-1_go92DV25XNnp2RDBKb3M&export=download,not open,,,not open
ثقافة العمل الخيرى,0,,2,https://docs.google.com/uc?id=1xZwG7tGMKaQuZ933NVGFMz3kwOeY_te0&export=download,not open,,,not open
الهويات القـاتلة,0,,2,https://docs.google.com/uc?id=0ByC7-1_go92DZ0RRbTZqMHlMQzA&export=download,not open,,,not open
معاً نصنع الفجر القادم,0,,2,http://www.osboha180.com/evaluation/users/numdownload/158/158b.pdf,132,,,132
كتاب مبادئ الإبداع,0,,2,http://www.osboha180.com/evaluation/users/numdownload/159/159b.pdf,139,,,139
رقائق القرآن,0,,2,http://www.osboha180.com/evaluation/users/numdownload/160/160b.pdf,176,,,176
الأدب الصغير والأدب الكبير,0,,2,http://www.osboha180.com/evaluation/users/numdownload/162/162b.pdf,145,,,145
مريم والمسيح,0,,2,http://www.osboha180.com/evaluation/users/numdownload/163/163b.pdf,96,,,96
صفحات في التعليم والنهوض بالشخصية,0,,2,-,,,,
الوقت في حياة المسلم,0,,2,http://www.osboha180.com/evaluation/users/numdownload/153/153b.pdf,75,,,75
تربية القادة,0,,2,http://www.osboha180.com/evaluation/users/numdownload/154/154b.pdf,48,,,48
فهم سريع للإيمان,0,,2,http://www.osboha180.com/evaluation/users/numdownload/155/155b.pdf,91,,,91
ملامح الانقلاب الاسلامي في عهد عمر بن عبد العزيز,0,,2,http://www.osboha180.com/evaluation/users/numdownload/156/156b.pdf,213,,,213
استرجع قلبك,0,,2,http://www.osboha180.com/evaluation/books/157b.pdf,78,,,78
هل هو عصر الجنون؟,0,,2,http://www.osboha180.com/evaluation/users/numdownload/151/151b.pdf,108,,,108
بيكاسو وستاربكس,0,,2,http://www.osboha180.com/evaluation/users/numdownload/76/76b.pdf,184,,,184
عش عظيما,0,,2,http://www.osboha180.com/evaluation/books/77b.pdf,147,,,147
عظماء في طفولتهم,0,,2,https://docs.google.com/file/d/1Sq7g8g2TeYbgm-A8otHv2BbOXeqwS9ep/view,not open,,,not open
كم حياة ستعيش,0,,2,http://www.osboha180.com/evaluation/users/numdownload/79/79b.pdf,114,,,114
وقفات بين العقل والروح,0,,2,https://docs.google.com/file/d/0ByC7-1_go92DbVN1QUdrQVd6UEU/view,not open,,,not open
قصة الملك العادل,1,أدبي,3,https://www.osboha180.com/evaluation/books/81b.pdf,45,,,45
الذي يعطى كثيرا لا يبخل بالقليل ( جحا ونوادره ),1,تنمية,3,https://www.osboha180.com/evaluation/books/82b.pdf,17,,,17
سيرة خاتم النبيين,1,سير الصحابة,3,https://www.osboha180.com/evaluation/books/84b.pdf,355,,,355
حكايات من التاريخ ( جابر عثرات الكرام ),1,تاريخي,3,https://www.osboha180.com/evaluation/books/606b.pdf,42,,,42
رجال ونساء حول الرسول صلى الله عليه وسلم للاطفال,1,سير الصحابة,3,https://www.osboha180.com/evaluation/books/86b.pdf,63,,,63
لبيب ولبيبة والأسرة السعيدة / الجزء الثاني,1,تربية,3,https://www.osboha180.com/evaluation/books/87b.pdf,26,,,26
لبيب ولبيبة والأسرة السعيدة-الجزء الأول,1,تربية,3,https://www.osboha180.com/evaluation/books/88b.pdf,34,,,34
قصص من التاريخ الاسلامي للندوي,1,تاريخي,3,https://www.osboha180.com/evaluation/books/89b.pdf,not found,,,not found
من الذي حرك قطعى الجبن الخاصة بي,1,تنمية,3,https://www.osboha180.com/evaluation/books/90b.pdf,18,,,18
استرداد عمر من السيرة إلى المسيرة,2,فكري,1,,,,,
من الإنسان الأبتر إلى الإنسان الكوثر,2,تربية,1,https://www.osboha180.com/evaluation/books/229b.pdf,115,,,
قصص مفيدة -قصص الجيران وحقوقهم,1,تربية,3,https://archive.org/download/20200316_20200316_1434/%D9%82%D8%B5%D8%B5%20%D9%85%D9%81%D9%8A%D8%AF%D8%A9.pdf,52,,,
قصة حاولي أن تقرئي,1,تنمية,3,https://archive.org/download/book09_201910/%D8%AD%D8%A7%D9%88%D9%84%D9%8A%20%D8%A3%D9%86%20%D8%AA%D9%82%D8%B1%D8%A6%D9%8ABook-09.pdf,16,,,
الفكر والحدث,2,فكري,1,https://www.osboha180.com/evaluation/books/374b.pdf,277,,,
قطار الجنة,1,ديني,3,https://drive.google.com/file/d/1U92yXCME1031JlfxTllBoCIw7IBJ78sR/view?usp=sharing,192,,,